student_id,name,usn,semester,branch,attendance_pct,assignment_score,cie1_score,cie2_score,lab_exam_score,viva_score,subject_code,subject_name
S001,Aarav Sharma,1VT21RAI001,3,RAI,94.3,18.5,38.1,33.3,40.9,13.7,21MAT31,Engineering Mathematics III
S001,Aarav Sharma,1VT21RAI001,3,RAI,95.8,17.3,44.9,44.4,39.5,12.6,21RAI32,Mechanics of Materials
S001,Aarav Sharma,1VT21RAI001,3,RAI,94.4,18.9,36.6,37.9,39.7,9.8,21RAI33,Analog & Digital Electronics
S001,Aarav Sharma,1VT21RAI001,3,RAI,98.1,18.7,38.4,43.5,40,16.6,21RAI34,Industrial Robotics
S001,Aarav Sharma,1VT21RAI001,3,RAI,96.4,11.8,23.6,35.7,33.5,15.8,21RAIL35,Analog & Digital Electronics Lab
S002,Priya Nair,1VT21RAI002,3,RAI,59.7,5.9,15.2,16.1,20.8,7.9,21MAT31,Engineering Mathematics III
S002,Priya Nair,1VT21RAI002,3,RAI,61.4,12.4,21.7,18.2,21.1,6,21RAI32,Mechanics of Materials
S002,Priya Nair,1VT21RAI002,3,RAI,56.8,16.4,14.1,14.7,29.6,10.3,21RAI33,Analog & Digital Electronics
S002,Priya Nair,1VT21RAI002,3,RAI,64.4,14.1,19.1,14.5,21.9,9.7,21RAI34,Industrial Robotics
S002,Priya Nair,1VT21RAI002,3,RAI,53.4,8.7,12.9,20.1,24.1,11.2,21RAIL35,Analog & Digital Electronics Lab
S003,Rohan Desai,1VT21RAI003,3,RAI,78.6,11.2,32,26.4,30.8,12,21MAT31,Engineering Mathematics III
S003,Rohan Desai,1VT21RAI003,3,RAI,80.2,8.6,22,26.5,33.4,13.1,21RAI32,Mechanics of Materials
S003,Rohan Desai,1VT21RAI003,3,RAI,86,14.5,36,37.1,34.6,8.8,21RAI33,Analog & Digital Electronics
S003,Rohan Desai,1VT21RAI003,3,RAI,89.5,18.3,33.9,45.8,33.4,16.6,21RAI34,Industrial Robotics
S003,Rohan Desai,1VT21RAI003,3,RAI,81,11.4,28.9,38.7,40.7,12.7,21RAIL35,Analog & Digital Electronics Lab
S004,Sneha Kulkarni,1VT21RAI004,3,RAI,67.8,7.1,13.6,18.7,30.6,3.6,21MAT31,Engineering Mathematics III
S004,Sneha Kulkarni,1VT21RAI004,3,RAI,70.2,5.9,12.8,17.1,9.5,6,21RAI32,Mechanics of Materials
S004,Sneha Kulkarni,1VT21RAI004,3,RAI,64.7,6,24,16,22.9,1.4,21RAI33,Analog & Digital Electronics
S004,Sneha Kulkarni,1VT21RAI004,3,RAI,63.8,11.7,6.2,21.6,21.4,9.3,21RAI34,Industrial Robotics
S004,Sneha Kulkarni,1VT21RAI004,3,RAI,64.2,7.1,10,19.3,20.3,11.1,21RAIL35,Analog & Digital Electronics Lab
S005,Kiran Reddy,1VT21RAI005,3,RAI,78.9,14.3,32.4,37.2,44.4,11.4,21MAT31,Engineering Mathematics III
S005,Kiran Reddy,1VT21RAI005,3,RAI,89.1,14.8,32.6,28.6,38.3,11.4,21RAI32,Mechanics of Materials
S005,Kiran Reddy,1VT21RAI005,3,RAI,99.9,17.3,39.8,50,38.2,13.4,21RAI33,Analog & Digital Electronics
S005,Kiran Reddy,1VT21RAI005,3,RAI,99.7,15.3,39.1,44.5,32,9.2,21RAI34,Industrial Robotics
S005,Kiran Reddy,1VT21RAI005,3,RAI,91.5,13.8,39,39.7,32.4,14.1,21RAIL35,Analog & Digital Electronics Lab
S006,Divya Menon,1VT21RAI006,3,RAI,43.2,5.2,6.6,15,16.1,2.4,21MAT31,Engineering Mathematics III
S006,Divya Menon,1VT21RAI006,3,RAI,52.4,5.9,15.8,15.9,32.2,0.5,21RAI32,Mechanics of Materials
S006,Divya Menon,1VT21RAI006,3,RAI,44,7.8,22.8,15.3,32.9,3.9,21RAI33,Analog & Digital Electronics
S006,Divya Menon,1VT21RAI006,3,RAI,41.7,5.9,12.9,13.2,19.7,0,21RAI34,Industrial Robotics
S006,Divya Menon,1VT21RAI006,3,RAI,48.6,14.1,10.8,19.3,43.7,3.7,21RAIL35,Analog & Digital Electronics Lab
S007,Arjun Patil,1VT21RAI007,3,RAI,100,18.5,47.2,41.4,29.4,14,21MAT31,Engineering Mathematics III
S007,Arjun Patil,1VT21RAI007,3,RAI,100,14.1,45.8,50,50,18.4,21RAI32,Mechanics of Materials
S007,Arjun Patil,1VT21RAI007,3,RAI,91.9,15.8,40.7,45,45,13.8,21RAI33,Analog & Digital Electronics
S007,Arjun Patil,1VT21RAI007,3,RAI,91,13.1,39.3,26.6,35.3,14.5,21RAI34,Industrial Robotics
S007,Arjun Patil,1VT21RAI007,3,RAI,100,20,44,44.3,43.6,20,21RAIL35,Analog & Digital Electronics Lab
S008,Meera Iyer,1VT21RAI008,3,RAI,100,14.3,38,38.5,32.2,18.7,21MAT31,Engineering Mathematics III
S008,Meera Iyer,1VT21RAI008,3,RAI,72.9,14.6,32,35.8,28.3,5.4,21RAI32,Mechanics of Materials
S008,Meera Iyer,1VT21RAI008,3,RAI,72.6,11,24,20.4,19.3,3.2,21RAI33,Analog & Digital Electronics
S008,Meera Iyer,1VT21RAI008,3,RAI,81.9,16.6,33.6,30.7,41.1,10.6,21RAI34,Industrial Robotics
S008,Meera Iyer,1VT21RAI008,3,RAI,72.9,11.4,14.3,27.9,33.9,8.4,21RAIL35,Analog & Digital Electronics Lab
S009,Vikram Singh,1VT21RAI009,3,RAI,98.5,14.3,31.7,33.2,32.8,9.5,21MAT31,Engineering Mathematics III
S009,Vikram Singh,1VT21RAI009,3,RAI,85.5,18.2,34.2,36.6,27.5,12.6,21RAI32,Mechanics of Materials
S009,Vikram Singh,1VT21RAI009,3,RAI,84.4,13.3,22.7,38.6,32.2,5.1,21RAI33,Analog & Digital Electronics
S009,Vikram Singh,1VT21RAI009,3,RAI,84.1,14.4,33.2,34.8,21.5,8.5,21RAI34,Industrial Robotics
S009,Vikram Singh,1VT21RAI009,3,RAI,96.7,19.5,43.9,26.6,41.6,8.1,21RAIL35,Analog & Digital Electronics Lab
S010,Ananya Joshi,1VT21RAI010,3,RAI,61.8,18,25.8,15.1,32.1,6.5,21MAT31,Engineering Mathematics III
S010,Ananya Joshi,1VT21RAI010,3,RAI,66.1,16.2,16.2,26.9,40.9,6.6,21RAI32,Mechanics of Materials
S010,Ananya Joshi,1VT21RAI010,3,RAI,71.1,11.2,27.9,27.2,24.6,13.6,21RAI33,Analog & Digital Electronics
S010,Ananya Joshi,1VT21RAI010,3,RAI,70.1,12,21.8,33.9,31,10.7,21RAI34,Industrial Robotics
S010,Ananya Joshi,1VT21RAI010,3,RAI,72.8,12.1,28.1,25.3,36.2,10.7,21RAIL35,Analog & Digital Electronics Lab
S011,Rahul Verma,1VT21RAI011,3,RAI,82.8,12.8,25.9,37.2,33.8,15.3,21MAT31,Engineering Mathematics III
S011,Rahul Verma,1VT21RAI011,3,RAI,98.3,14.8,42.6,46.1,34.2,15.8,21RAI32,Mechanics of Materials
S011,Rahul Verma,1VT21RAI011,3,RAI,89.4,14.2,32,46.7,36.5,11.2,21RAI33,Analog & Digital Electronics
S011,Rahul Verma,1VT21RAI011,3,RAI,97.4,13.5,38.7,41.9,40,16.9,21RAI34,Industrial Robotics
S011,Rahul Verma,1VT21RAI011,3,RAI,98.2,13,34,44,42.6,13.3,21RAIL35,Analog & Digital Electronics Lab
S012,Pooja Pillai,1VT21RAI012,3,RAI,75.2,9.6,20.7,27.2,15.4,9.8,21MAT31,Engineering Mathematics III
S012,Pooja Pillai,1VT21RAI012,3,RAI,74.4,14,26,21.9,23,10.2,21RAI32,Mechanics of Materials
S012,Pooja Pillai,1VT21RAI012,3,RAI,71.4,7.7,19,21.7,22.4,9.8,21RAI33,Analog & Digital Electronics
S012,Pooja Pillai,1VT21RAI012,3,RAI,76.4,8.5,27.1,28.1,35.9,6.8,21RAI34,Industrial Robotics
S012,Pooja Pillai,1VT21RAI012,3,RAI,77.7,11,23.3,16.7,33.4,10.3,21RAIL35,Analog & Digital Electronics Lab
S013,Aditya Bhat,1VT21RAI013,3,RAI,98.8,18.9,45.6,50,33.6,18,21MAT31,Engineering Mathematics III
S013,Aditya Bhat,1VT21RAI013,3,RAI,76.9,11.2,25.3,39.5,32.6,11.3,21RAI32,Mechanics of Materials
S013,Aditya Bhat,1VT21RAI013,3,RAI,100,13.9,47,37.4,34.1,15.2,21RAI33,Analog & Digital Electronics
S013,Aditya Bhat,1VT21RAI013,3,RAI,100,18.5,38,43.2,38.7,18.1,21RAI34,Industrial Robotics
S013,Aditya Bhat,1VT21RAI013,3,RAI,99.3,20,42.2,46.2,47.7,20,21RAIL35,Analog & Digital Electronics Lab
S014,Lakshmi Subramaniam,1VT21RAI014,3,RAI,57.8,11.6,14.5,21.2,12.1,9.1,21MAT31,Engineering Mathematics III
S014,Lakshmi Subramaniam,1VT21RAI014,3,RAI,56.9,11.3,9,17.2,21.1,3.3,21RAI32,Mechanics of Materials
S014,Lakshmi Subramaniam,1VT21RAI014,3,RAI,80.3,7.1,18,31.3,20.6,8.4,21RAI33,Analog & Digital Electronics
S014,Lakshmi Subramaniam,1VT21RAI014,3,RAI,71.3,10,21.2,18.8,32.7,6.4,21RAI34,Industrial Robotics
S014,Lakshmi Subramaniam,1VT21RAI014,3,RAI,63.4,11,18.9,20.9,21.2,9.3,21RAIL35,Analog & Digital Electronics Lab
S015,Suresh Gowda,1VT21RAI015,3,RAI,94.4,18,41.6,40.5,38.4,15.8,21MAT31,Engineering Mathematics III
S015,Suresh Gowda,1VT21RAI015,3,RAI,82,15.8,23.3,34.7,39.1,15.2,21RAI32,Mechanics of Materials
S015,Suresh Gowda,1VT21RAI015,3,RAI,95.5,15.8,32,32,31,10.3,21RAI33,Analog & Digital Electronics
S015,Suresh Gowda,1VT21RAI015,3,RAI,88.9,17.9,36.7,43.6,44.6,11.8,21RAI34,Industrial Robotics
S015,Suresh Gowda,1VT21RAI015,3,RAI,84.1,11.2,35.9,40.5,38.3,10.8,21RAIL35,Analog & Digital Electronics Lab
S016,Nandini Rao,1VT21RAI016,3,RAI,88.6,14.5,28.6,40.4,38.9,11,21MAT31,Engineering Mathematics III
S016,Nandini Rao,1VT21RAI016,3,RAI,91,15.8,31.8,47.2,45.8,16.2,21RAI32,Mechanics of Materials
S016,Nandini Rao,1VT21RAI016,3,RAI,100,20,39.2,35.8,31.5,15.2,21RAI33,Analog & Digital Electronics
S016,Nandini Rao,1VT21RAI016,3,RAI,91.2,18.7,28.6,48.1,46.6,10.3,21RAI34,Industrial Robotics
S016,Nandini Rao,1VT21RAI016,3,RAI,88,12.8,32.5,22.9,37.2,17,21RAIL35,Analog & Digital Electronics Lab
S017,Deepak Hegde,1VT21RAI017,3,RAI,36.4,7.7,9.6,22.4,16.2,3.1,21MAT31,Engineering Mathematics III
S017,Deepak Hegde,1VT21RAI017,3,RAI,45.6,3.8,14,13.6,18.4,5.6,21RAI32,Mechanics of Materials
S017,Deepak Hegde,1VT21RAI017,3,RAI,49.1,10.1,5.7,22,12.8,2.3,21RAI33,Analog & Digital Electronics
S017,Deepak Hegde,1VT21RAI017,3,RAI,55.4,13,20.7,10.2,23.5,4.9,21RAI34,Industrial Robotics
S017,Deepak Hegde,1VT21RAI017,3,RAI,31.4,5,12.2,13.2,10.5,1.5,21RAIL35,Analog & Digital Electronics Lab
S018,Kavitha Krishnan,1VT21RAI018,3,RAI,77,12.7,26.5,24.2,29.5,8,21MAT31,Engineering Mathematics III
S018,Kavitha Krishnan,1VT21RAI018,3,RAI,89.4,14.3,33.5,24.8,30.2,12.2,21RAI32,Mechanics of Materials
S018,Kavitha Krishnan,1VT21RAI018,3,RAI,76.4,15.1,35.3,30.4,33.8,12,21RAI33,Analog & Digital Electronics
S018,Kavitha Krishnan,1VT21RAI018,3,RAI,91.2,14.4,33.1,30.4,32.2,15.1,21RAI34,Industrial Robotics
S018,Kavitha Krishnan,1VT21RAI018,3,RAI,84.1,12.4,33.2,27,39.8,8.5,21RAIL35,Analog & Digital Electronics Lab
S019,Sanjay Naik,1VT21RAI019,3,RAI,71.4,11.3,26.1,20.7,27.6,5.4,21MAT31,Engineering Mathematics III
S019,Sanjay Naik,1VT21RAI019,3,RAI,77.9,13.2,25.4,22.5,26,10.3,21RAI32,Mechanics of Materials
S019,Sanjay Naik,1VT21RAI019,3,RAI,70.7,6.9,21.1,18.7,17.8,7.1,21RAI33,Analog & Digital Electronics
S019,Sanjay Naik,1VT21RAI019,3,RAI,69.6,10,15.8,13.1,13.4,5.6,21RAI34,Industrial Robotics
S019,Sanjay Naik,1VT21RAI019,3,RAI,64.4,8.8,12.8,13.9,19.4,6.2,21RAIL35,Analog & Digital Electronics Lab
S020,Riya Fernandes,1VT21RAI020,3,RAI,82.4,13.8,32.3,41.2,33,9,21MAT31,Engineering Mathematics III
S020,Riya Fernandes,1VT21RAI020,3,RAI,70,14.7,19.2,21.8,20.5,6.8,21RAI32,Mechanics of Materials
S020,Riya Fernandes,1VT21RAI020,3,RAI,79.5,11.3,32.8,32.2,39.1,13.7,21RAI33,Analog & Digital Electronics
S020,Riya Fernandes,1VT21RAI020,3,RAI,78,14.6,32.6,29.2,26.2,13.9,21RAI34,Industrial Robotics
S020,Riya Fernandes,1VT21RAI020,3,RAI,83.1,14.5,35.7,33.8,34.3,13,21RAIL35,Analog & Digital Electronics Lab
S001,Aarav Sharma,1VT21RAI001,4,RAI,100,16.2,50,42,41.8,15.3,21RAI41,Operation Research
S001,Aarav Sharma,1VT21RAI001,4,RAI,100,15.4,47.3,50,42.1,13.9,21RAI42,Instrumentation & Measurements
S001,Aarav Sharma,1VT21RAI001,4,RAI,94.5,17.9,38.8,47,35.8,11,21RAI43,Fundamentals of AI for Robotics
S001,Aarav Sharma,1VT21RAI001,4,RAI,100,16.4,50,47.7,34.4,13.9,21RAI44,Python Programming
S001,Aarav Sharma,1VT21RAI001,4,RAI,91.8,20,37.9,48.3,50,15.6,21RAIL46,CAMD Lab
S002,Priya Nair,1VT21RAI002,4,RAI,54.3,9.6,14,8.7,18.3,3.4,21RAI41,Operation Research
S002,Priya Nair,1VT21RAI002,4,RAI,41.5,1.4,12.9,21.7,23.7,2.3,21RAI42,Instrumentation & Measurements
S002,Priya Nair,1VT21RAI002,4,RAI,56,9.9,11.5,14.9,30.7,4.8,21RAI43,Fundamentals of AI for Robotics
S002,Priya Nair,1VT21RAI002,4,RAI,52,8.6,8.1,13.9,10.4,4.2,21RAI44,Python Programming
S002,Priya Nair,1VT21RAI002,4,RAI,63,10,14.1,19.2,32.1,5.6,21RAIL46,CAMD Lab
S003,Rohan Desai,1VT21RAI003,4,RAI,80.4,17.6,17.6,35.6,20,10,21RAI41,Operation Research
S003,Rohan Desai,1VT21RAI003,4,RAI,91.6,6.9,24.1,32.8,34.8,10.2,21RAI42,Instrumentation & Measurements
S003,Rohan Desai,1VT21RAI003,4,RAI,77.4,13.7,25.3,32.8,37.9,14.5,21RAI43,Fundamentals of AI for Robotics
S003,Rohan Desai,1VT21RAI003,4,RAI,82.2,14.3,28.4,31.6,23.8,12,21RAI44,Python Programming
S003,Rohan Desai,1VT21RAI003,4,RAI,77,9.9,33.7,29.2,41.8,11,21RAIL46,CAMD Lab
S004,Sneha Kulkarni,1VT21RAI004,4,RAI,66.5,5.3,9.2,15.7,16.4,2.9,21RAI41,Operation Research
S004,Sneha Kulkarni,1VT21RAI004,4,RAI,60,1.7,17.9,13.3,27.5,2.8,21RAI42,Instrumentation & Measurements
S004,Sneha Kulkarni,1VT21RAI004,4,RAI,68.1,2.6,10.6,18.8,14.1,1,21RAI43,Fundamentals of AI for Robotics
S004,Sneha Kulkarni,1VT21RAI004,4,RAI,63.4,12,19.7,34,11.3,6.2,21RAI44,Python Programming
S004,Sneha Kulkarni,1VT21RAI004,4,RAI,69.3,9.3,18.7,13.1,14,0.5,21RAIL46,CAMD Lab
S005,Kiran Reddy,1VT21RAI005,4,RAI,93.5,20,44.6,47.7,31.5,13.3,21RAI41,Operation Research
S005,Kiran Reddy,1VT21RAI005,4,RAI,96.9,19.8,36,43.7,50,16.9,21RAI42,Instrumentation & Measurements
S005,Kiran Reddy,1VT21RAI005,4,RAI,96.2,20,50,45.3,49.6,13.6,21RAI43,Fundamentals of AI for Robotics
S005,Kiran Reddy,1VT21RAI005,4,RAI,100,16,48.8,42,36.6,16,21RAI44,Python Programming
S005,Kiran Reddy,1VT21RAI005,4,RAI,100,20,42.3,48.4,40.5,15.6,21RAIL46,CAMD Lab
S006,Divya Menon,1VT21RAI006,4,RAI,57.5,8.1,14.7,24.1,16.8,2,21RAI41,Operation Research
S006,Divya Menon,1VT21RAI006,4,RAI,54,4.9,17.6,17.4,35,4.6,21RAI42,Instrumentation & Measurements
S006,Divya Menon,1VT21RAI006,4,RAI,39.4,5.3,9.1,7.4,12.9,0.7,21RAI43,Fundamentals of AI for Robotics
S006,Divya Menon,1VT21RAI006,4,RAI,32.3,5.5,7.5,6.8,19.3,3.9,21RAI44,Python Programming
S006,Divya Menon,1VT21RAI006,4,RAI,43,12.1,14.4,17.6,5.2,3.3,21RAIL46,CAMD Lab
S007,Arjun Patil,1VT21RAI007,4,RAI,100,14.9,42.9,37.2,42.1,11,21RAI41,Operation Research
S007,Arjun Patil,1VT21RAI007,4,RAI,100,18.2,40.2,50,36.6,14,21RAI42,Instrumentation & Measurements
S007,Arjun Patil,1VT21RAI007,4,RAI,100,12.7,27.4,41.8,39.3,12.6,21RAI43,Fundamentals of AI for Robotics
S007,Arjun Patil,1VT21RAI007,4,RAI,97.9,13.8,30.8,43.9,22.9,15,21RAI44,Python Programming
S007,Arjun Patil,1VT21RAI007,4,RAI,100,18.6,32.7,40.8,44.9,16.8,21RAIL46,CAMD Lab
S008,Meera Iyer,1VT21RAI008,4,RAI,70.6,13.6,29.4,33,24.1,10.8,21RAI41,Operation Research
S008,Meera Iyer,1VT21RAI008,4,RAI,91.6,17.7,40.2,34.1,28.3,15.8,21RAI42,Instrumentation & Measurements
S008,Meera Iyer,1VT21RAI008,4,RAI,77.2,11.8,24.8,30,24.9,10.1,21RAI43,Fundamentals of AI for Robotics
S008,Meera Iyer,1VT21RAI008,4,RAI,78.5,12.1,32.5,39.9,29.2,13.7,21RAI44,Python Programming
S008,Meera Iyer,1VT21RAI008,4,RAI,62.3,12.9,22.3,31.4,38.4,10.6,21RAIL46,CAMD Lab
S009,Vikram Singh,1VT21RAI009,4,RAI,81,11,28.5,30.7,34,9,21RAI41,Operation Research
S009,Vikram Singh,1VT21RAI009,4,RAI,97.7,20,42.6,42,42.2,16,21RAI42,Instrumentation & Measurements
S009,Vikram Singh,1VT21RAI009,4,RAI,96,18.7,43.9,36.2,35.6,13.6,21RAI43,Fundamentals of AI for Robotics
S009,Vikram Singh,1VT21RAI009,4,RAI,93.1,14.9,34.1,45.8,36.5,13.1,21RAI44,Python Programming
S009,Vikram Singh,1VT21RAI009,4,RAI,92.3,17.1,37,33.2,40.9,10.9,21RAIL46,CAMD Lab
S010,Ananya Joshi,1VT21RAI010,4,RAI,67.2,10.7,18.8,18.9,23.7,1.5,21RAI41,Operation Research
S010,Ananya Joshi,1VT21RAI010,4,RAI,60,9.8,16.1,13.5,22.2,5,21RAI42,Instrumentation & Measurements
S010,Ananya Joshi,1VT21RAI010,4,RAI,63.4,8.5,23,22.4,25.9,7.1,21RAI43,Fundamentals of AI for Robotics
S010,Ananya Joshi,1VT21RAI010,4,RAI,55.2,5.6,30.6,12.9,20.9,5.1,21RAI44,Python Programming
S010,Ananya Joshi,1VT21RAI010,4,RAI,59.3,5.3,12.9,12.9,24.6,4.9,21RAIL46,CAMD Lab
S011,Rahul Verma,1VT21RAI011,4,RAI,87.3,17.9,32,37.1,28.2,14.2,21RAI41,Operation Research
S011,Rahul Verma,1VT21RAI011,4,RAI,92.5,15.6,32.9,36.9,32.1,15.9,21RAI42,Instrumentation & Measurements
S011,Rahul Verma,1VT21RAI011,4,RAI,96.8,13.5,33.4,37.6,36.8,15.5,21RAI43,Fundamentals of AI for Robotics
S011,Rahul Verma,1VT21RAI011,4,RAI,96.5,14.1,23.4,33.1,17.5,10.5,21RAI44,Python Programming
S011,Rahul Verma,1VT21RAI011,4,RAI,85,13.7,29.3,30.3,45.6,14.6,21RAIL46,CAMD Lab
S012,Pooja Pillai,1VT21RAI012,4,RAI,70.3,10.9,32.2,15.3,33.7,6,21RAI41,Operation Research
S012,Pooja Pillai,1VT21RAI012,4,RAI,76.5,15.4,18.7,24.4,30,7.8,21RAI42,Instrumentation & Measurements
S012,Pooja Pillai,1VT21RAI012,4,RAI,75.4,10.5,25.4,18.3,21.6,8.6,21RAI43,Fundamentals of AI for Robotics
S012,Pooja Pillai,1VT21RAI012,4,RAI,76.4,11,19.2,20.7,28.8,5.7,21RAI44,Python Programming
S012,Pooja Pillai,1VT21RAI012,4,RAI,82.9,9.6,28.7,30.1,36.8,13,21RAIL46,CAMD Lab
S013,Aditya Bhat,1VT21RAI013,4,RAI,90.8,13.8,32.9,40,37.9,12.3,21RAI41,Operation Research
S013,Aditya Bhat,1VT21RAI013,4,RAI,97.4,15,33.4,39.8,36.2,11.6,21RAI42,Instrumentation & Measurements
S013,Aditya Bhat,1VT21RAI013,4,RAI,100,18.3,44.8,48.8,42.1,18.5,21RAI43,Fundamentals of AI for Robotics
S013,Aditya Bhat,1VT21RAI013,4,RAI,100,20,50,46.3,37.2,19.3,21RAI44,Python Programming
S013,Aditya Bhat,1VT21RAI013,4,RAI,100,17.3,37.8,39.1,48.6,11.3,21RAIL46,CAMD Lab
S014,Lakshmi Subramaniam,1VT21RAI014,4,RAI,58.5,5.2,15.3,17.2,13.7,9.4,21RAI41,Operation Research
S014,Lakshmi Subramaniam,1VT21RAI014,4,RAI,49.1,7.6,11.3,16.4,12.6,2,21RAI42,Instrumentation & Measurements
S014,Lakshmi Subramaniam,1VT21RAI014,4,RAI,55.4,9,11.7,19.9,22,7.9,21RAI43,Fundamentals of AI for Robotics
S014,Lakshmi Subramaniam,1VT21RAI014,4,RAI,70,11.6,16.4,19.7,11.9,7.8,21RAI44,Python Programming
S014,Lakshmi Subramaniam,1VT21RAI014,4,RAI,62.9,8.9,8.1,11.8,17.3,4.2,21RAIL46,CAMD Lab
S015,Suresh Gowda,1VT21RAI015,4,RAI,82.7,8.5,16.4,32.7,22.1,8.7,21RAI41,Operation Research
S015,Suresh Gowda,1VT21RAI015,4,RAI,71.7,11.4,22,30.9,31.9,8.3,21RAI42,Instrumentation & Measurements
S015,Suresh Gowda,1VT21RAI015,4,RAI,95.5,16.2,33.6,42.8,46.1,14.8,21RAI43,Fundamentals of AI for Robotics
S015,Suresh Gowda,1VT21RAI015,4,RAI,97,18.6,33.6,35.5,38.1,10.3,21RAI44,Python Programming
S015,Suresh Gowda,1VT21RAI015,4,RAI,90,11.8,33,25.6,30.9,13.8,21RAIL46,CAMD Lab
S016,Nandini Rao,1VT21RAI016,4,RAI,100,20,36.4,49.4,35.4,15,21RAI41,Operation Research
S016,Nandini Rao,1VT21RAI016,4,RAI,100,13.6,42.2,44.6,43.2,14.3,21RAI42,Instrumentation & Measurements
S016,Nandini Rao,1VT21RAI016,4,RAI,90.2,20,41.3,34.6,43.6,15.1,21RAI43,Fundamentals of AI for Robotics
S016,Nandini Rao,1VT21RAI016,4,RAI,86.3,15.4,27.4,45.1,30.5,11.2,21RAI44,Python Programming
S016,Nandini Rao,1VT21RAI016,4,RAI,99.7,19.7,50,43.8,38.6,18.1,21RAIL46,CAMD Lab
S017,Deepak Hegde,1VT21RAI017,4,RAI,45.8,12.8,18.2,10.4,27.8,2.1,21RAI41,Operation Research
S017,Deepak Hegde,1VT21RAI017,4,RAI,46.4,7.9,11,14.1,27,6.4,21RAI42,Instrumentation & Measurements
S017,Deepak Hegde,1VT21RAI017,4,RAI,65,10,20.6,24.9,36.1,9.8,21RAI43,Fundamentals of AI for Robotics
S017,Deepak Hegde,1VT21RAI017,4,RAI,66.6,14.5,13.1,28.5,29.3,8.3,21RAI44,Python Programming
S017,Deepak Hegde,1VT21RAI017,4,RAI,51.1,10.5,20,10.4,25.3,4.5,21RAIL46,CAMD Lab
S018,Kavitha Krishnan,1VT21RAI018,4,RAI,84.7,12.8,27.1,34.4,33.7,8.7,21RAI41,Operation Research
S018,Kavitha Krishnan,1VT21RAI018,4,RAI,82.3,13.9,22,31.7,25.2,16.9,21RAI42,Instrumentation & Measurements
S018,Kavitha Krishnan,1VT21RAI018,4,RAI,77.7,13.2,21.4,32.1,40.7,8.6,21RAI43,Fundamentals of AI for Robotics
S018,Kavitha Krishnan,1VT21RAI018,4,RAI,82.8,14.1,37.1,36.4,27.7,14.9,21RAI44,Python Programming
S018,Kavitha Krishnan,1VT21RAI018,4,RAI,92.6,13.8,35.6,33.3,41.5,12.3,21RAIL46,CAMD Lab
S019,Sanjay Naik,1VT21RAI019,4,RAI,70.1,12.5,18.6,22.2,29.9,8.1,21RAI41,Operation Research
S019,Sanjay Naik,1VT21RAI019,4,RAI,89.5,8.5,21.5,31.3,16.6,5.1,21RAI42,Instrumentation & Measurements
S019,Sanjay Naik,1VT21RAI019,4,RAI,65.9,8.3,17.6,9.1,22.5,8.2,21RAI43,Fundamentals of AI for Robotics
S019,Sanjay Naik,1VT21RAI019,4,RAI,66.2,10.1,18.4,21.8,13.8,5.7,21RAI44,Python Programming
S019,Sanjay Naik,1VT21RAI019,4,RAI,67.2,8.4,13.9,17.9,8.6,7.5,21RAIL46,CAMD Lab
S020,Riya Fernandes,1VT21RAI020,4,RAI,91.5,11.5,36.5,33.1,31.5,12.7,21RAI41,Operation Research
S020,Riya Fernandes,1VT21RAI020,4,RAI,84,11.8,30.3,26.1,25.2,10.2,21RAI42,Instrumentation & Measurements
S020,Riya Fernandes,1VT21RAI020,4,RAI,74.9,12.6,32.3,27.5,25.5,11.4,21RAI43,Fundamentals of AI for Robotics
S020,Riya Fernandes,1VT21RAI020,4,RAI,63.3,10.8,20.7,22.9,20.2,7,21RAI44,Python Programming
S020,Riya Fernandes,1VT21RAI020,4,RAI,80.9,7.4,23.4,27.5,18.3,7.6,21RAIL46,CAMD Lab
S001,Aarav Sharma,1VT21RAI001,5,RAI,89.5,19.8,35.8,37.3,50,17.2,21RAI51,Mechatronics
S001,Aarav Sharma,1VT21RAI001,5,RAI,96.5,18.3,40.2,50,42.4,7.1,21RAI52,Design of Machine Elements
S001,Aarav Sharma,1VT21RAI001,5,RAI,91.2,16.8,39.1,37.8,33.8,17.9,21RAI53,Fuzzy Logic & Genetic Algorithms
S001,Aarav Sharma,1VT21RAI001,5,RAI,94.2,20,46,50,36.5,17.7,21RAI54,Micro Controller and Embedded Systems
S001,Aarav Sharma,1VT21RAI001,5,RAI,100,16.5,29.7,43.3,31.8,14.6,21RAIL55,Micro Controller Lab
S002,Priya Nair,1VT21RAI002,5,RAI,43.6,5.7,9.5,14.4,28.1,6.9,21RAI51,Mechatronics
S002,Priya Nair,1VT21RAI002,5,RAI,62.7,5,19.5,17.2,21.6,7.6,21RAI52,Design of Machine Elements
S002,Priya Nair,1VT21RAI002,5,RAI,58.8,8.1,27.2,15.7,27.2,7.3,21RAI53,Fuzzy Logic & Genetic Algorithms
S002,Priya Nair,1VT21RAI002,5,RAI,61.4,4.9,3.4,20.8,24.5,5.5,21RAI54,Micro Controller and Embedded Systems
S002,Priya Nair,1VT21RAI002,5,RAI,65.5,10.5,13.5,22.5,14.6,4.9,21RAIL55,Micro Controller Lab
S003,Rohan Desai,1VT21RAI003,5,RAI,65.8,12.5,12.5,17.3,15.4,8.9,21RAI51,Mechatronics
S003,Rohan Desai,1VT21RAI003,5,RAI,83.6,12,20.5,23.4,33.8,9.6,21RAI52,Design of Machine Elements
S003,Rohan Desai,1VT21RAI003,5,RAI,60.2,16,20.1,35.5,27.9,8.5,21RAI53,Fuzzy Logic & Genetic Algorithms
S003,Rohan Desai,1VT21RAI003,5,RAI,75.9,15.2,22.9,34.6,35.4,10.9,21RAI54,Micro Controller and Embedded Systems
S003,Rohan Desai,1VT21RAI003,5,RAI,76.7,12,12.9,22.3,34.2,5.4,21RAIL55,Micro Controller Lab
S004,Sneha Kulkarni,1VT21RAI004,5,RAI,75.2,9.7,27.5,29.4,36.3,12.7,21RAI51,Mechatronics
S004,Sneha Kulkarni,1VT21RAI004,5,RAI,79.6,11.9,37.3,26.1,32.3,13.2,21RAI52,Design of Machine Elements
S004,Sneha Kulkarni,1VT21RAI004,5,RAI,87.1,13.9,22.2,31.2,33.6,10.5,21RAI53,Fuzzy Logic & Genetic Algorithms
S004,Sneha Kulkarni,1VT21RAI004,5,RAI,76.9,11.6,32.6,26.5,45.6,11.9,21RAI54,Micro Controller and Embedded Systems
S004,Sneha Kulkarni,1VT21RAI004,5,RAI,78.3,17.5,13.9,30.5,32.1,9.3,21RAIL55,Micro Controller Lab
S005,Kiran Reddy,1VT21RAI005,5,RAI,87.5,20,29.2,47.7,47.4,10.3,21RAI51,Mechatronics
S005,Kiran Reddy,1VT21RAI005,5,RAI,100,14.6,37.6,38.4,43.8,12.7,21RAI52,Design of Machine Elements
S005,Kiran Reddy,1VT21RAI005,5,RAI,94.8,15.3,32.5,32.1,27.7,10.7,21RAI53,Fuzzy Logic & Genetic Algorithms
S005,Kiran Reddy,1VT21RAI005,5,RAI,81.1,14.4,28.7,26.3,25.8,8,21RAI54,Micro Controller and Embedded Systems
S005,Kiran Reddy,1VT21RAI005,5,RAI,78.5,15.8,21.5,30.7,31.6,16.6,21RAIL55,Micro Controller Lab
S006,Divya Menon,1VT21RAI006,5,RAI,37.3,3.2,11.5,12.7,6.4,4.8,21RAI51,Mechatronics
S006,Divya Menon,1VT21RAI006,5,RAI,49.4,3.9,18.2,11.8,1.5,5.3,21RAI52,Design of Machine Elements
S006,Divya Menon,1VT21RAI006,5,RAI,32.7,7.1,7,16.5,11.5,5.4,21RAI53,Fuzzy Logic & Genetic Algorithms
S006,Divya Menon,1VT21RAI006,5,RAI,44.4,3.2,15.5,13,26.2,5.3,21RAI54,Micro Controller and Embedded Systems
S006,Divya Menon,1VT21RAI006,5,RAI,35.9,4.8,10.9,6.6,8,3.6,21RAIL55,Micro Controller Lab
S007,Arjun Patil,1VT21RAI007,5,RAI,100,17.4,48,45.9,41.5,17.1,21RAI51,Mechatronics
S007,Arjun Patil,1VT21RAI007,5,RAI,95.8,13.9,31.8,29.1,33.5,8.8,21RAI52,Design of Machine Elements
S007,Arjun Patil,1VT21RAI007,5,RAI,100,14.8,42.6,50,40.4,16.3,21RAI53,Fuzzy Logic & Genetic Algorithms
S007,Arjun Patil,1VT21RAI007,5,RAI,99.2,13.4,42.4,41.8,50,15.2,21RAI54,Micro Controller and Embedded Systems
S007,Arjun Patil,1VT21RAI007,5,RAI,100,17.2,43.9,40.3,50,14.2,21RAIL55,Micro Controller Lab
S008,Meera Iyer,1VT21RAI008,5,RAI,77.5,14.3,31.7,34.2,26.8,11.1,21RAI51,Mechatronics
S008,Meera Iyer,1VT21RAI008,5,RAI,68.6,10,28.1,32,43,8,21RAI52,Design of Machine Elements
S008,Meera Iyer,1VT21RAI008,5,RAI,67.3,15.8,14.3,22.4,24.3,12.5,21RAI53,Fuzzy Logic & Genetic Algorithms
S008,Meera Iyer,1VT21RAI008,5,RAI,81.4,14.8,23.6,28.8,17.9,8.8,21RAI54,Micro Controller and Embedded Systems
S008,Meera Iyer,1VT21RAI008,5,RAI,57.8,13.6,22.9,14.6,23.2,6,21RAIL55,Micro Controller Lab
S009,Vikram Singh,1VT21RAI009,5,RAI,78.3,11,29.1,27.2,31.1,9.6,21RAI51,Mechatronics
S009,Vikram Singh,1VT21RAI009,5,RAI,86.1,16.7,32.1,38,41.4,8,21RAI52,Design of Machine Elements
S009,Vikram Singh,1VT21RAI009,5,RAI,100,12.7,36.6,37,37.9,14.9,21RAI53,Fuzzy Logic & Genetic Algorithms
S009,Vikram Singh,1VT21RAI009,5,RAI,93.2,10.9,29.6,37.4,42.4,9.9,21RAI54,Micro Controller and Embedded Systems
S009,Vikram Singh,1VT21RAI009,5,RAI,89.6,11,28.6,29.4,34.5,11.3,21RAIL55,Micro Controller Lab
S010,Ananya Joshi,1VT21RAI010,5,RAI,70,18.4,21.3,28.5,30.1,12.1,21RAI51,Mechatronics
S010,Ananya Joshi,1VT21RAI010,5,RAI,68.4,13.7,15.1,20.3,25.9,5.9,21RAI52,Design of Machine Elements
S010,Ananya Joshi,1VT21RAI010,5,RAI,73.9,8.4,27.1,17.9,20.2,8.8,21RAI53,Fuzzy Logic & Genetic Algorithms
S010,Ananya Joshi,1VT21RAI010,5,RAI,56.6,8,18.5,15.8,23.9,0.7,21RAI54,Micro Controller and Embedded Systems
S010,Ananya Joshi,1VT21RAI010,5,RAI,60.7,8.1,12.2,14.8,24.2,10.1,21RAIL55,Micro Controller Lab
S011,Rahul Verma,1VT21RAI011,5,RAI,95.6,15.2,33.3,33.5,33.6,12.2,21RAI51,Mechatronics
S011,Rahul Verma,1VT21RAI011,5,RAI,78.4,7,31,30.7,23.3,11.1,21RAI52,Design of Machine Elements
S011,Rahul Verma,1VT21RAI011,5,RAI,92,20,42.2,41.2,34.7,13.5,21RAI53,Fuzzy Logic & Genetic Algorithms
S011,Rahul Verma,1VT21RAI011,5,RAI,72.2,15.5,25.6,31.5,30.6,17.6,21RAI54,Micro Controller and Embedded Systems
S011,Rahul Verma,1VT21RAI011,5,RAI,78.4,14.3,37.6,22.8,42.6,7.3,21RAIL55,Micro Controller Lab
S012,Pooja Pillai,1VT21RAI012,5,RAI,100,19,32.1,50,27.2,12.3,21RAI51,Mechatronics
S012,Pooja Pillai,1VT21RAI012,5,RAI,84.9,15.1,36.3,39.9,41.2,11.3,21RAI52,Design of Machine Elements
S012,Pooja Pillai,1VT21RAI012,5,RAI,90,18.4,34.6,28.7,34.4,10.6,21RAI53,Fuzzy Logic & Genetic Algorithms
S012,Pooja Pillai,1VT21RAI012,5,RAI,76.9,17.5,26.6,40.3,42.1,12.4,21RAI54,Micro Controller and Embedded Systems
S012,Pooja Pillai,1VT21RAI012,5,RAI,84,16.8,31.8,37.7,38.2,5.7,21RAIL55,Micro Controller Lab
S013,Aditya Bhat,1VT21RAI013,5,RAI,100,19.3,45.4,46.3,47.8,18.4,21RAI51,Mechatronics
S013,Aditya Bhat,1VT21RAI013,5,RAI,98.7,18.9,33.3,39.1,39.6,15.9,21RAI52,Design of Machine Elements
S013,Aditya Bhat,1VT21RAI013,5,RAI,91.9,15.4,39.5,41.7,38.3,10.5,21RAI53,Fuzzy Logic & Genetic Algorithms
S013,Aditya Bhat,1VT21RAI013,5,RAI,98.2,12.6,38.7,37.8,32.9,14,21RAI54,Micro Controller and Embedded Systems
S013,Aditya Bhat,1VT21RAI013,5,RAI,100,18.3,38.6,50,50,18.5,21RAIL55,Micro Controller Lab
S014,Lakshmi Subramaniam,1VT21RAI014,5,RAI,63.2,13.1,25.9,28.9,28,8.5,21RAI51,Mechatronics
S014,Lakshmi Subramaniam,1VT21RAI014,5,RAI,80.9,15.6,30.5,31.3,24.4,7.4,21RAI52,Design of Machine Elements
S014,Lakshmi Subramaniam,1VT21RAI014,5,RAI,78,13.4,28.3,20,20.5,12.3,21RAI53,Fuzzy Logic & Genetic Algorithms
S014,Lakshmi Subramaniam,1VT21RAI014,5,RAI,61.6,14.7,23.2,38.7,36.9,9,21RAI54,Micro Controller and Embedded Systems
S014,Lakshmi Subramaniam,1VT21RAI014,5,RAI,72.1,12.1,16.9,30.7,32.9,2,21RAIL55,Micro Controller Lab
S015,Suresh Gowda,1VT21RAI015,5,RAI,88.1,12.2,34.8,21.4,22.4,12.8,21RAI51,Mechatronics
S015,Suresh Gowda,1VT21RAI015,5,RAI,74.3,11.2,21,29.5,36.1,5.2,21RAI52,Design of Machine Elements
S015,Suresh Gowda,1VT21RAI015,5,RAI,82.9,13.2,31.8,30.2,26.9,7.4,21RAI53,Fuzzy Logic & Genetic Algorithms
S015,Suresh Gowda,1VT21RAI015,5,RAI,75.9,11,27,22.5,39.9,8.1,21RAI54,Micro Controller and Embedded Systems
S015,Suresh Gowda,1VT21RAI015,5,RAI,84.9,10.3,28.6,19.3,36.1,10.4,21RAIL55,Micro Controller Lab
S016,Nandini Rao,1VT21RAI016,5,RAI,83.9,14.4,43,39.7,35.1,14.1,21RAI51,Mechatronics
S016,Nandini Rao,1VT21RAI016,5,RAI,100,19.7,43.2,40.9,50,15,21RAI52,Design of Machine Elements
S016,Nandini Rao,1VT21RAI016,5,RAI,81.4,13.2,30,37.7,41.2,14.7,21RAI53,Fuzzy Logic & Genetic Algorithms
S016,Nandini Rao,1VT21RAI016,5,RAI,98.7,20,44.5,50,29.6,12.9,21RAI54,Micro Controller and Embedded Systems
S016,Nandini Rao,1VT21RAI016,5,RAI,71.6,15.7,36.2,28.6,40.1,8.7,21RAIL55,Micro Controller Lab
S017,Deepak Hegde,1VT21RAI017,5,RAI,42.6,11,3.5,16.7,16.3,8.6,21RAI51,Mechatronics
S017,Deepak Hegde,1VT21RAI017,5,RAI,37.7,2.6,8,12.5,19.5,4.9,21RAI52,Design of Machine Elements
S017,Deepak Hegde,1VT21RAI017,5,RAI,42.5,4,14.8,13.8,19.8,3.4,21RAI53,Fuzzy Logic & Genetic Algorithms
S017,Deepak Hegde,1VT21RAI017,5,RAI,60.1,3.4,8.2,19.5,27.4,4.8,21RAI54,Micro Controller and Embedded Systems
S017,Deepak Hegde,1VT21RAI017,5,RAI,32.6,6.7,4.1,23.2,29.6,4.4,21RAIL55,Micro Controller Lab
S018,Kavitha Krishnan,1VT21RAI018,5,RAI,96.6,15.1,36.2,44.7,39.1,18.6,21RAI51,Mechatronics
S018,Kavitha Krishnan,1VT21RAI018,5,RAI,80.4,11,31.7,27,34.6,7.3,21RAI52,Design of Machine Elements
S018,Kavitha Krishnan,1VT21RAI018,5,RAI,100,19.3,27.5,40.8,40.4,12.4,21RAI53,Fuzzy Logic & Genetic Algorithms
S018,Kavitha Krishnan,1VT21RAI018,5,RAI,90.5,14.1,34.2,32.6,46.5,9.3,21RAI54,Micro Controller and Embedded Systems
S018,Kavitha Krishnan,1VT21RAI018,5,RAI,91.1,16.5,26.4,41.7,28.1,12.3,21RAIL55,Micro Controller Lab
S019,Sanjay Naik,1VT21RAI019,5,RAI,78.2,4.6,18.2,19.3,30,12,21RAI51,Mechatronics
S019,Sanjay Naik,1VT21RAI019,5,RAI,84.2,6.8,27.5,21.8,26.8,10.5,21RAI52,Design of Machine Elements
S019,Sanjay Naik,1VT21RAI019,5,RAI,82.2,6.5,20.4,19.1,17.2,11.6,21RAI53,Fuzzy Logic & Genetic Algorithms
S019,Sanjay Naik,1VT21RAI019,5,RAI,83.7,14.6,25.4,22.2,33.3,7.6,21RAI54,Micro Controller and Embedded Systems
S019,Sanjay Naik,1VT21RAI019,5,RAI,60.9,10.1,24.2,20.1,32.2,6.9,21RAIL55,Micro Controller Lab
S020,Riya Fernandes,1VT21RAI020,5,RAI,100,17.2,36.4,34.6,41.3,14.4,21RAI51,Mechatronics
S020,Riya Fernandes,1VT21RAI020,5,RAI,87,14.9,36.1,34,28,9.3,21RAI52,Design of Machine Elements
S020,Riya Fernandes,1VT21RAI020,5,RAI,77.5,15.8,31.8,30,28,6,21RAI53,Fuzzy Logic & Genetic Algorithms
S020,Riya Fernandes,1VT21RAI020,5,RAI,68.9,11.9,20.2,19.8,33,8.6,21RAI54,Micro Controller and Embedded Systems
S020,Riya Fernandes,1VT21RAI020,5,RAI,87.4,15.9,21.4,34.9,22.6,8.9,21RAIL55,Micro Controller Lab
S001,Aarav Sharma,1VT22RAI001,6,RAI,100,19.2,50,39.8,41.7,16.9,21RAI61,Management & Entrepreneurship
S001,Aarav Sharma,1VT22RAI001,6,RAI,100,20,42.2,50,46.8,14.5,21RAI62,Finite Element Analysis
S001,Aarav Sharma,1VT22RAI001,6,RAI,90,16.8,41,39.3,47.2,16.3,21RAI63,Robot Programming
S001,Aarav Sharma,1VT22RAI001,6,RAI,100,14,50,41.6,50,20,21RAI64,Professional Elective I
S001,Aarav Sharma,1VT22RAI001,6,RAI,98.7,16.1,47.1,47.2,37,18.7,21RAIL66,Robotics Lab
S002,Priya Nair,1VT22RAI002,6,RAI,63.5,9,18.4,19,20.4,14.5,21RAI61,Management & Entrepreneurship
S002,Priya Nair,1VT22RAI002,6,RAI,50.5,9.2,10.5,11.3,8.4,7.6,21RAI62,Finite Element Analysis
S002,Priya Nair,1VT22RAI002,6,RAI,58,5,18.5,19.4,19,2.5,21RAI63,Robot Programming
S002,Priya Nair,1VT22RAI002,6,RAI,46.5,8,13.6,13.6,24.2,4.8,21RAI64,Professional Elective I
S002,Priya Nair,1VT22RAI002,6,RAI,57.1,11.1,10.7,15.8,27.3,6.2,21RAIL66,Robotics Lab
S003,Rohan Desai,1VT22RAI003,6,RAI,84.5,17.8,32,40.1,47.5,15.1,21RAI61,Management & Entrepreneurship
S003,Rohan Desai,1VT22RAI003,6,RAI,81.1,16.2,34.8,36.1,43.1,12.4,21RAI62,Finite Element Analysis
S003,Rohan Desai,1VT22RAI003,6,RAI,95.5,17.1,32.6,42.4,41.5,14.8,21RAI63,Robot Programming
S003,Rohan Desai,1VT22RAI003,6,RAI,95.4,13.3,32.7,39.8,37.5,14.9,21RAI64,Professional Elective I
S003,Rohan Desai,1VT22RAI003,6,RAI,75.5,11.2,26.1,34.2,40.7,5.9,21RAIL66,Robotics Lab
S004,Sneha Kulkarni,1VT22RAI004,6,RAI,64.5,17.5,23.2,28,43.8,6.7,21RAI61,Management & Entrepreneurship
S004,Sneha Kulkarni,1VT22RAI004,6,RAI,81.4,8.4,25.1,27,33.3,10.2,21RAI62,Finite Element Analysis
S004,Sneha Kulkarni,1VT22RAI004,6,RAI,76.3,13.1,17.3,21.1,22.9,5.5,21RAI63,Robot Programming
S004,Sneha Kulkarni,1VT22RAI004,6,RAI,72.8,12.8,21,26.2,40.6,11.6,21RAI64,Professional Elective I
S004,Sneha Kulkarni,1VT22RAI004,6,RAI,60.6,11.7,15.7,17.5,20.4,3.4,21RAIL66,Robotics Lab
S005,Kiran Reddy,1VT22RAI005,6,RAI,97.4,14.9,31.1,41.4,43.3,11.5,21RAI61,Management & Entrepreneurship
S005,Kiran Reddy,1VT22RAI005,6,RAI,82.4,10,36.5,23.4,29.4,14.2,21RAI62,Finite Element Analysis
S005,Kiran Reddy,1VT22RAI005,6,RAI,89.3,14.7,36.1,37.8,47.8,13.3,21RAI63,Robot Programming
S005,Kiran Reddy,1VT22RAI005,6,RAI,93.6,16.4,31,38,32.7,8.9,21RAI64,Professional Elective I
S005,Kiran Reddy,1VT22RAI005,6,RAI,82.3,13.9,27.7,36,40,8.7,21RAIL66,Robotics Lab
S006,Divya Menon,1VT22RAI006,6,RAI,45.1,6.3,0.3,19.8,25.7,8.2,21RAI61,Management & Entrepreneurship
S006,Divya Menon,1VT22RAI006,6,RAI,48.1,5.2,13.3,8.7,17.4,1,21RAI62,Finite Element Analysis
S006,Divya Menon,1VT22RAI006,6,RAI,41.1,8.8,12.7,11.5,21.8,1.5,21RAI63,Robot Programming
S006,Divya Menon,1VT22RAI006,6,RAI,37.4,7.7,10.1,13.9,17.5,0,21RAI64,Professional Elective I
S006,Divya Menon,1VT22RAI006,6,RAI,40.1,7.5,12.7,18.4,11.5,3.9,21RAIL66,Robotics Lab
S007,Arjun Patil,1VT22RAI007,6,RAI,93.7,16,39.1,38.8,40.6,10.3,21RAI61,Management & Entrepreneurship
S007,Arjun Patil,1VT22RAI007,6,RAI,100,19.6,42.5,44.3,48.8,16.2,21RAI62,Finite Element Analysis
S007,Arjun Patil,1VT22RAI007,6,RAI,93.2,18.4,37.8,41.5,39.3,14.8,21RAI63,Robot Programming
S007,Arjun Patil,1VT22RAI007,6,RAI,94.9,20,36.8,44,50,17.4,21RAI64,Professional Elective I
S007,Arjun Patil,1VT22RAI007,6,RAI,100,19.7,47.5,50,39.7,16.2,21RAIL66,Robotics Lab
S008,Meera Iyer,1VT22RAI008,6,RAI,83.3,17.4,27.6,25.3,40.7,11.1,21RAI61,Management & Entrepreneurship
S008,Meera Iyer,1VT22RAI008,6,RAI,76,11.4,30.2,31.6,31.2,10.7,21RAI62,Finite Element Analysis
S008,Meera Iyer,1VT22RAI008,6,RAI,84.6,7.3,22.7,30.4,28.6,8.2,21RAI63,Robot Programming
S008,Meera Iyer,1VT22RAI008,6,RAI,72.2,14.5,27.5,29.1,27.8,9.5,21RAI64,Professional Elective I
S008,Meera Iyer,1VT22RAI008,6,RAI,84.5,17.2,31.2,25.1,34.3,11.3,21RAIL66,Robotics Lab
S009,Vikram Singh,1VT22RAI009,6,RAI,96.5,15.3,41.7,41.8,39,12.1,21RAI61,Management & Entrepreneurship
S009,Vikram Singh,1VT22RAI009,6,RAI,91.5,18.6,30.2,33.9,50,11.7,21RAI62,Finite Element Analysis
S009,Vikram Singh,1VT22RAI009,6,RAI,94.3,13.9,46.5,39.5,38.9,18.6,21RAI63,Robot Programming
S009,Vikram Singh,1VT22RAI009,6,RAI,84.8,14.1,25.2,35.5,37.8,12.3,21RAI64,Professional Elective I
S009,Vikram Singh,1VT22RAI009,6,RAI,98.3,17.7,39,48.4,38,18.4,21RAIL66,Robotics Lab
S010,Ananya Joshi,1VT22RAI010,6,RAI,77.7,5,21.3,22.2,35.6,7.2,21RAI61,Management & Entrepreneurship
S010,Ananya Joshi,1VT22RAI010,6,RAI,59.7,14.1,20.6,27,27.6,7.2,21RAI62,Finite Element Analysis
S010,Ananya Joshi,1VT22RAI010,6,RAI,58.4,3.7,7.5,16.5,17.2,7.8,21RAI63,Robot Programming
S010,Ananya Joshi,1VT22RAI010,6,RAI,61.9,8.8,13.8,13.3,18.8,7.9,21RAI64,Professional Elective I
S010,Ananya Joshi,1VT22RAI010,6,RAI,67.6,8.6,26.7,20.2,22.4,2.7,21RAIL66,Robotics Lab
S011,Rahul Verma,1VT22RAI011,6,RAI,89,15.8,30.2,34.9,31.6,13.2,21RAI61,Management & Entrepreneurship
S011,Rahul Verma,1VT22RAI011,6,RAI,100,12.7,40.6,31.8,30.8,10.9,21RAI62,Finite Element Analysis
S011,Rahul Verma,1VT22RAI011,6,RAI,96.1,16.6,39.5,34.9,46.3,17.6,21RAI63,Robot Programming
S011,Rahul Verma,1VT22RAI011,6,RAI,89.5,16.2,31.8,33.7,31.2,11.2,21RAI64,Professional Elective I
S011,Rahul Verma,1VT22RAI011,6,RAI,93.3,13.2,30.3,31.3,26.3,15.9,21RAIL66,Robotics Lab
S012,Pooja Pillai,1VT22RAI012,6,RAI,81.5,18.2,31,39.6,33.8,11.1,21RAI61,Management & Entrepreneurship
S012,Pooja Pillai,1VT22RAI012,6,RAI,81.8,13.3,34.4,36.6,30.4,13,21RAI62,Finite Element Analysis
S012,Pooja Pillai,1VT22RAI012,6,RAI,71.9,10.6,24.3,23.9,23.3,6.2,21RAI63,Robot Programming
S012,Pooja Pillai,1VT22RAI012,6,RAI,93.8,15.2,35.5,31,25.9,12.1,21RAI64,Professional Elective I
S012,Pooja Pillai,1VT22RAI012,6,RAI,81.8,13.3,25,25.8,32.2,7,21RAIL66,Robotics Lab
S013,Aditya Bhat,1VT22RAI013,6,RAI,95.3,14.3,45.9,47.1,43.8,12.9,21RAI61,Management & Entrepreneurship
S013,Aditya Bhat,1VT22RAI013,6,RAI,100,14.8,39.8,38.9,38.2,10.6,21RAI62,Finite Element Analysis
S013,Aditya Bhat,1VT22RAI013,6,RAI,87.6,14.5,34,30.5,37.2,12.1,21RAI63,Robot Programming
S013,Aditya Bhat,1VT22RAI013,6,RAI,94.1,16.2,33.5,49.7,42.2,16.7,21RAI64,Professional Elective I
S013,Aditya Bhat,1VT22RAI013,6,RAI,100,19.3,37,40.7,50,14.5,21RAIL66,Robotics Lab
S014,Lakshmi Subramaniam,1VT22RAI014,6,RAI,73.5,8.6,17.1,29.8,27.4,2,21RAI61,Management & Entrepreneurship
S014,Lakshmi Subramaniam,1VT22RAI014,6,RAI,67.1,13.2,23,25.1,27.4,8.7,21RAI62,Finite Element Analysis
S014,Lakshmi Subramaniam,1VT22RAI014,6,RAI,59.4,7.8,11,23.7,30,8.1,21RAI63,Robot Programming
S014,Lakshmi Subramaniam,1VT22RAI014,6,RAI,62.9,9.5,24.9,24,35.5,4.8,21RAI64,Professional Elective I
S014,Lakshmi Subramaniam,1VT22RAI014,6,RAI,58.9,7.5,18.5,19.6,24.9,3.3,21RAIL66,Robotics Lab
S015,Suresh Gowda,1VT22RAI015,6,RAI,91.2,15.3,25.1,35.6,28.9,15.5,21RAI61,Management & Entrepreneurship
S015,Suresh Gowda,1VT22RAI015,6,RAI,82,13.2,22.4,38.2,46,6.7,21RAI62,Finite Element Analysis
S015,Suresh Gowda,1VT22RAI015,6,RAI,84.2,12.5,35.9,38.1,31.1,16.2,21RAI63,Robot Programming
S015,Suresh Gowda,1VT22RAI015,6,RAI,84,15,26.8,39.8,37.1,10.4,21RAI64,Professional Elective I
S015,Suresh Gowda,1VT22RAI015,6,RAI,78.8,14.7,22.2,30.6,32.2,12,21RAIL66,Robotics Lab
S016,Nandini Rao,1VT22RAI016,6,RAI,95.2,16.3,40.7,44.1,45,14.2,21RAI61,Management & Entrepreneurship
S016,Nandini Rao,1VT22RAI016,6,RAI,92.4,19.3,45.6,42.2,31,16.9,21RAI62,Finite Element Analysis
S016,Nandini Rao,1VT22RAI016,6,RAI,86.1,17.1,27.8,40.7,37,13.8,21RAI63,Robot Programming
S016,Nandini Rao,1VT22RAI016,6,RAI,97.5,17.3,36.4,45,21.4,15,21RAI64,Professional Elective I
S016,Nandini Rao,1VT22RAI016,6,RAI,88,17.4,39.7,35.5,41.9,13.7,21RAIL66,Robotics Lab
S017,Deepak Hegde,1VT22RAI017,6,RAI,54.1,14.2,11.7,21.7,15.5,6.9,21RAI61,Management & Entrepreneurship
S017,Deepak Hegde,1VT22RAI017,6,RAI,70.1,10.4,16.4,27.2,24.6,7.7,21RAI62,Finite Element Analysis
S017,Deepak Hegde,1VT22RAI017,6,RAI,64.1,6.2,19.7,21.4,18.5,3.2,21RAI63,Robot Programming
S017,Deepak Hegde,1VT22RAI017,6,RAI,50.5,7.5,14.8,15.8,22.2,9.7,21RAI64,Professional Elective I
S017,Deepak Hegde,1VT22RAI017,6,RAI,67,12.4,22.9,16.4,21.9,4.4,21RAIL66,Robotics Lab
S018,Kavitha Krishnan,1VT22RAI018,6,RAI,91.7,15.9,35.3,34.7,29.5,11.6,21RAI61,Management & Entrepreneurship
S018,Kavitha Krishnan,1VT22RAI018,6,RAI,89.6,16,40.3,40.4,28.8,13.1,21RAI62,Finite Element Analysis
S018,Kavitha Krishnan,1VT22RAI018,6,RAI,86,15.1,33.3,41,30,10.6,21RAI63,Robot Programming
S018,Kavitha Krishnan,1VT22RAI018,6,RAI,97.1,13.4,41.4,43.3,36.3,13.3,21RAI64,Professional Elective I
S018,Kavitha Krishnan,1VT22RAI018,6,RAI,93.8,17.2,33.7,30.7,40,13.1,21RAIL66,Robotics Lab
S019,Sanjay Naik,1VT22RAI019,6,RAI,77,12.5,19.8,30.2,25,7,21RAI61,Management & Entrepreneurship
S019,Sanjay Naik,1VT22RAI019,6,RAI,75.3,10.5,28.6,27.4,25.5,5.1,21RAI62,Finite Element Analysis
S019,Sanjay Naik,1VT22RAI019,6,RAI,76.6,13.3,33.1,15.7,38.1,13.1,21RAI63,Robot Programming
S019,Sanjay Naik,1VT22RAI019,6,RAI,79.1,9.2,18.2,24.9,37.4,9.6,21RAI64,Professional Elective I
S019,Sanjay Naik,1VT22RAI019,6,RAI,81,11,33.8,36.2,34.1,7.8,21RAIL66,Robotics Lab
S020,Riya Fernandes,1VT22RAI020,6,RAI,92.4,18.1,37.2,32.5,44.6,13.6,21RAI61,Management & Entrepreneurship
S020,Riya Fernandes,1VT22RAI020,6,RAI,92.3,16.1,38.8,38,34.7,11.6,21RAI62,Finite Element Analysis
S020,Riya Fernandes,1VT22RAI020,6,RAI,83.6,16.7,28.7,31.8,32.7,12.6,21RAI63,Robot Programming
S020,Riya Fernandes,1VT22RAI020,6,RAI,100,12.3,37.1,43.1,26.6,18.5,21RAI64,Professional Elective I
S020,Riya Fernandes,1VT22RAI020,6,RAI,81.2,17.2,19.7,33.8,31.2,11.3,21RAIL66,Robotics Lab
S001,Aarav Sharma,1VT22RAI001,7,RAI,100,20,44.9,44.9,50,16.3,21RAI71,Computer Integrated Manufacturing
S001,Aarav Sharma,1VT22RAI001,7,RAI,70.1,19,32.4,32.6,37.6,14.4,21RAI72,Professional Elective II
S001,Aarav Sharma,1VT22RAI001,7,RAI,100,17.7,37.8,47.4,36.1,11.1,21RAI73,Professional Elective III
S001,Aarav Sharma,1VT22RAI001,7,RAI,87.9,20,46.7,45.4,34.6,15.6,21RAI74,Open Elective II
S001,Aarav Sharma,1VT22RAI001,7,RAI,90.9,11.4,32.8,38.2,46.8,20,21RAIP75,Project Work
S002,Priya Nair,1VT22RAI002,7,RAI,52.5,11.9,18.8,19.7,23.3,8.8,21RAI71,Computer Integrated Manufacturing
S002,Priya Nair,1VT22RAI002,7,RAI,64,13.4,25.8,23,17.4,9.9,21RAI72,Professional Elective II
S002,Priya Nair,1VT22RAI002,7,RAI,64.9,9.7,25.1,15.3,28.8,2.5,21RAI73,Professional Elective III
S002,Priya Nair,1VT22RAI002,7,RAI,58.7,13.7,17.9,25.1,29.9,8.3,21RAI74,Open Elective II
S002,Priya Nair,1VT22RAI002,7,RAI,70.7,9.3,28,21.2,32.7,13.6,21RAIP75,Project Work
S003,Rohan Desai,1VT22RAI003,7,RAI,75.9,8,17.5,20.5,20,11.1,21RAI71,Computer Integrated Manufacturing
S003,Rohan Desai,1VT22RAI003,7,RAI,92.1,19.7,28.1,21.4,44.8,12.4,21RAI72,Professional Elective II
S003,Rohan Desai,1VT22RAI003,7,RAI,68,9.1,26.7,24.5,16.3,6.3,21RAI73,Professional Elective III
S003,Rohan Desai,1VT22RAI003,7,RAI,92.7,14.4,46.1,39,43.3,15.1,21RAI74,Open Elective II
S003,Rohan Desai,1VT22RAI003,7,RAI,73.7,9.6,22.8,29.8,31.8,10.8,21RAIP75,Project Work
S004,Sneha Kulkarni,1VT22RAI004,7,RAI,78.4,11.9,23.1,13.5,33.3,7.2,21RAI71,Computer Integrated Manufacturing
S004,Sneha Kulkarni,1VT22RAI004,7,RAI,73.7,12.4,23.9,27.2,17.5,7,21RAI72,Professional Elective II
S004,Sneha Kulkarni,1VT22RAI004,7,RAI,80.7,12.7,21.3,28.7,27.3,8.1,21RAI73,Professional Elective III
S004,Sneha Kulkarni,1VT22RAI004,7,RAI,77.4,11.5,18.1,28.1,26.4,6.2,21RAI74,Open Elective II
S004,Sneha Kulkarni,1VT22RAI004,7,RAI,66.2,10.4,22.3,20.4,27.1,6.3,21RAIP75,Project Work
S005,Kiran Reddy,1VT22RAI005,7,RAI,96.6,20,37.6,33,38,16.4,21RAI71,Computer Integrated Manufacturing
S005,Kiran Reddy,1VT22RAI005,7,RAI,93.7,11.7,32.9,41.7,42,11.8,21RAI72,Professional Elective II
S005,Kiran Reddy,1VT22RAI005,7,RAI,87.5,13.6,36.4,39.1,40.7,15.1,21RAI73,Professional Elective III
S005,Kiran Reddy,1VT22RAI005,7,RAI,100,17.2,48.7,38.6,42.7,18.9,21RAI74,Open Elective II
S005,Kiran Reddy,1VT22RAI005,7,RAI,99.1,20,37,46.6,38.7,17.8,21RAIP75,Project Work
S006,Divya Menon,1VT22RAI006,7,RAI,58.2,10.2,14.8,16,16.5,8.5,21RAI71,Computer Integrated Manufacturing
S006,Divya Menon,1VT22RAI006,7,RAI,47.1,4.8,11.9,19.3,16.6,0.7,21RAI72,Professional Elective II
S006,Divya Menon,1VT22RAI006,7,RAI,29.6,7.9,8.9,13.2,25,1.8,21RAI73,Professional Elective III
S006,Divya Menon,1VT22RAI006,7,RAI,39,6.1,2.6,9.9,10.2,3.7,21RAI74,Open Elective II
S006,Divya Menon,1VT22RAI006,7,RAI,62.1,6.2,14.6,13.3,0.8,8.6,21RAIP75,Project Work
S007,Arjun Patil,1VT22RAI007,7,RAI,92.5,15,41.3,50,44.6,15,21RAI71,Computer Integrated Manufacturing
S007,Arjun Patil,1VT22RAI007,7,RAI,100,14.8,41.7,30.3,39.8,14.9,21RAI72,Professional Elective II
S007,Arjun Patil,1VT22RAI007,7,RAI,86.9,14.6,30.2,36.1,26.3,9.9,21RAI73,Professional Elective III
S007,Arjun Patil,1VT22RAI007,7,RAI,97.1,17.9,44,45.5,50,15.2,21RAI74,Open Elective II
S007,Arjun Patil,1VT22RAI007,7,RAI,94.3,19.7,40,42.2,40.7,16.6,21RAIP75,Project Work
S008,Meera Iyer,1VT22RAI008,7,RAI,83.1,10.6,18.7,25.7,21.9,2,21RAI71,Computer Integrated Manufacturing
S008,Meera Iyer,1VT22RAI008,7,RAI,71.1,11.6,17.3,22,32.3,7.5,21RAI72,Professional Elective II
S008,Meera Iyer,1VT22RAI008,7,RAI,72.9,9,25.5,21.3,26,5.7,21RAI73,Professional Elective III
S008,Meera Iyer,1VT22RAI008,7,RAI,73.1,9.6,21.5,24,12.6,7.1,21RAI74,Open Elective II
S008,Meera Iyer,1VT22RAI008,7,RAI,69.6,5.3,18.6,21.9,16,6,21RAIP75,Project Work
S009,Vikram Singh,1VT22RAI009,7,RAI,90.1,14.1,35.8,24.8,32.3,14.2,21RAI71,Computer Integrated Manufacturing
S009,Vikram Singh,1VT22RAI009,7,RAI,88.6,16.9,48,33.7,40.6,14.8,21RAI72,Professional Elective II
S009,Vikram Singh,1VT22RAI009,7,RAI,84.1,18.5,38.6,45.3,32.7,11.5,21RAI73,Professional Elective III
S009,Vikram Singh,1VT22RAI009,7,RAI,100,17.3,34.3,42.9,45.9,17.2,21RAI74,Open Elective II
S009,Vikram Singh,1VT22RAI009,7,RAI,100,16.2,37.5,38,39.5,18.1,21RAIP75,Project Work
S010,Ananya Joshi,1VT22RAI010,7,RAI,70.2,12.8,30.9,23,30.1,9,21RAI71,Computer Integrated Manufacturing
S010,Ananya Joshi,1VT22RAI010,7,RAI,82,10.5,39.3,25.8,25.1,8.4,21RAI72,Professional Elective II
S010,Ananya Joshi,1VT22RAI010,7,RAI,71.2,16.4,21.9,19.6,29.7,10.3,21RAI73,Professional Elective III
S010,Ananya Joshi,1VT22RAI010,7,RAI,64.6,12.3,16.1,18,19.3,7.1,21RAI74,Open Elective II
S010,Ananya Joshi,1VT22RAI010,7,RAI,90,16.3,23.9,24.5,30.7,15.1,21RAIP75,Project Work
S011,Rahul Verma,1VT22RAI011,7,RAI,98.7,19.1,45,34.3,39.1,10.7,21RAI71,Computer Integrated Manufacturing
S011,Rahul Verma,1VT22RAI011,7,RAI,81.9,14.6,24.7,37.8,35.6,9.7,21RAI72,Professional Elective II
S011,Rahul Verma,1VT22RAI011,7,RAI,100,17.8,38.2,41.7,38.8,13.4,21RAI73,Professional Elective III
S011,Rahul Verma,1VT22RAI011,7,RAI,85.7,17.2,26.5,23,32.5,14.1,21RAI74,Open Elective II
S011,Rahul Verma,1VT22RAI011,7,RAI,89.7,15.1,34.4,36.5,36.7,7.8,21RAIP75,Project Work
S012,Pooja Pillai,1VT22RAI012,7,RAI,85.4,16.2,27.9,41.5,32,16.3,21RAI71,Computer Integrated Manufacturing
S012,Pooja Pillai,1VT22RAI012,7,RAI,86.8,11.7,38.1,20.9,32.9,5.4,21RAI72,Professional Elective II
S012,Pooja Pillai,1VT22RAI012,7,RAI,92.9,14.3,17.8,29.9,24.5,11.7,21RAI73,Professional Elective III
S012,Pooja Pillai,1VT22RAI012,7,RAI,92.8,17,39,33,41.3,15.8,21RAI74,Open Elective II
S012,Pooja Pillai,1VT22RAI012,7,RAI,76.9,16.4,26.9,22.1,27.4,8.4,21RAIP75,Project Work
S013,Aditya Bhat,1VT22RAI013,7,RAI,95.5,20,44.5,49.8,29.9,15.2,21RAI71,Computer Integrated Manufacturing
S013,Aditya Bhat,1VT22RAI013,7,RAI,100,17.2,41.9,50,42.4,18.5,21RAI72,Professional Elective II
S013,Aditya Bhat,1VT22RAI013,7,RAI,97,17.9,37.4,50,44,18.9,21RAI73,Professional Elective III
S013,Aditya Bhat,1VT22RAI013,7,RAI,92.1,15.9,33.6,43.3,43.1,12.7,21RAI74,Open Elective II
S013,Aditya Bhat,1VT22RAI013,7,RAI,99.2,15.1,38.8,50,34.9,13.8,21RAIP75,Project Work
S014,Lakshmi Subramaniam,1VT22RAI014,7,RAI,61.8,16.7,19.5,26,41.4,6.2,21RAI71,Computer Integrated Manufacturing
S014,Lakshmi Subramaniam,1VT22RAI014,7,RAI,77.3,14,25.9,29.8,25.2,11.7,21RAI72,Professional Elective II
S014,Lakshmi Subramaniam,1VT22RAI014,7,RAI,77.3,15.4,34.6,31.2,35.4,11.6,21RAI73,Professional Elective III
S014,Lakshmi Subramaniam,1VT22RAI014,7,RAI,79.9,16.5,33.4,34.3,33.3,10.4,21RAI74,Open Elective II
S014,Lakshmi Subramaniam,1VT22RAI014,7,RAI,74.5,16.3,28.7,26.4,34.5,15,21RAIP75,Project Work
S015,Suresh Gowda,1VT22RAI015,7,RAI,79.2,11.9,27.4,26.2,29.3,8.5,21RAI71,Computer Integrated Manufacturing
S015,Suresh Gowda,1VT22RAI015,7,RAI,87.3,14.6,34,32.4,40.1,12.6,21RAI72,Professional Elective II
S015,Suresh Gowda,1VT22RAI015,7,RAI,87.7,16.2,30.6,36.1,41,11.7,21RAI73,Professional Elective III
S015,Suresh Gowda,1VT22RAI015,7,RAI,88.5,19.4,29,34.9,33.1,15.2,21RAI74,Open Elective II
S015,Suresh Gowda,1VT22RAI015,7,RAI,85.4,13.3,31,36.7,38.7,11.4,21RAIP75,Project Work
S016,Nandini Rao,1VT22RAI016,7,RAI,92.5,16.7,34.4,47.4,33.6,17.3,21RAI71,Computer Integrated Manufacturing
S016,Nandini Rao,1VT22RAI016,7,RAI,100,20,45.7,43.3,38,14.2,21RAI72,Professional Elective II
S016,Nandini Rao,1VT22RAI016,7,RAI,83.2,13.4,43.3,42.7,42,15.5,21RAI73,Professional Elective III
S016,Nandini Rao,1VT22RAI016,7,RAI,92.1,13.2,44.9,42.7,31,14.6,21RAI74,Open Elective II
S016,Nandini Rao,1VT22RAI016,7,RAI,89.1,14.5,36.8,35,28.8,14.3,21RAIP75,Project Work
S017,Deepak Hegde,1VT22RAI017,7,RAI,53.2,9.9,13.2,16.9,14,0.8,21RAI71,Computer Integrated Manufacturing
S017,Deepak Hegde,1VT22RAI017,7,RAI,55.1,11.3,16.3,18.1,25.2,6.3,21RAI72,Professional Elective II
S017,Deepak Hegde,1VT22RAI017,7,RAI,53.7,7,18.5,13.2,10,3.9,21RAI73,Professional Elective III
S017,Deepak Hegde,1VT22RAI017,7,RAI,47.5,5.1,13.6,22.8,26.4,5.5,21RAI74,Open Elective II
S017,Deepak Hegde,1VT22RAI017,7,RAI,53.8,8.5,21.2,14.4,27.4,6.6,21RAIP75,Project Work
S018,Kavitha Krishnan,1VT22RAI018,7,RAI,93.8,9.9,33.6,32.9,28.1,12,21RAI71,Computer Integrated Manufacturing
S018,Kavitha Krishnan,1VT22RAI018,7,RAI,87.6,15.5,39.8,31.7,37.3,7.8,21RAI72,Professional Elective II
S018,Kavitha Krishnan,1VT22RAI018,7,RAI,75.3,16.7,27.2,32.4,26.4,11,21RAI73,Professional Elective III
S018,Kavitha Krishnan,1VT22RAI018,7,RAI,93.8,15.5,35.9,43.7,40.6,11.7,21RAI74,Open Elective II
S018,Kavitha Krishnan,1VT22RAI018,7,RAI,80.8,13.7,22.8,19.8,30.9,11.2,21RAIP75,Project Work
S019,Sanjay Naik,1VT22RAI019,7,RAI,67.8,12.2,17.6,28.1,30.9,8,21RAI71,Computer Integrated Manufacturing
S019,Sanjay Naik,1VT22RAI019,7,RAI,69,9.6,30.9,29,27.4,4.7,21RAI72,Professional Elective II
S019,Sanjay Naik,1VT22RAI019,7,RAI,77.3,12.2,29.2,32.3,27.3,7.8,21RAI73,Professional Elective III
S019,Sanjay Naik,1VT22RAI019,7,RAI,69.6,13.7,19.8,15.5,29.8,7.9,21RAI74,Open Elective II
S019,Sanjay Naik,1VT22RAI019,7,RAI,58.8,14.4,23.3,16.1,28,4.6,21RAIP75,Project Work
S020,Riya Fernandes,1VT22RAI020,7,RAI,80.7,11.7,18.9,22.2,33.2,5.7,21RAI71,Computer Integrated Manufacturing
S020,Riya Fernandes,1VT22RAI020,7,RAI,78.7,12.1,20.9,17.2,20.7,10,21RAI72,Professional Elective II
S020,Riya Fernandes,1VT22RAI020,7,RAI,71.4,10.1,20.2,27,44,8.6,21RAI73,Professional Elective III
S020,Riya Fernandes,1VT22RAI020,7,RAI,75.7,18.7,21.7,24.1,29.8,5.8,21RAI74,Open Elective II
S020,Riya Fernandes,1VT22RAI020,7,RAI,83.3,11.1,25.3,20.8,27.7,4.8,21RAIP75,Project Work
S001,Aarav Sharma,1VT23RAI001,8,RAI,89.5,14.6,31.6,44,46.1,12.8,21RAI81,Advanced Robotics Systems
S001,Aarav Sharma,1VT23RAI001,8,RAI,96.1,17.4,38.5,48.1,45.9,12.5,21RAI82,Machine Learning for Robotics
S001,Aarav Sharma,1VT23RAI001,8,RAI,91.8,14.7,38.2,30.8,36.7,18.9,21RAI83,Computer Vision & Deep Learning
S001,Aarav Sharma,1VT23RAI001,8,RAI,88.3,18.7,38.4,38.3,36.6,14,21RAI84,Professional Elective IV
S001,Aarav Sharma,1VT23RAI001,8,RAI,92.1,17.8,40.4,31.9,37.3,17.5,21RAIL85,AI & Robotics Capstone Lab
S002,Priya Nair,1VT23RAI002,8,RAI,72.6,14.9,22.6,15.3,27.6,5.4,21RAI81,Advanced Robotics Systems
S002,Priya Nair,1VT23RAI002,8,RAI,72.9,12.2,18.9,19,15.5,3.7,21RAI82,Machine Learning for Robotics
S002,Priya Nair,1VT23RAI002,8,RAI,70.9,13.1,24.8,27.4,31.5,13,21RAI83,Computer Vision & Deep Learning
S002,Priya Nair,1VT23RAI002,8,RAI,47.5,14.5,8.4,18,19.7,6.8,21RAI84,Professional Elective IV
S002,Priya Nair,1VT23RAI002,8,RAI,47.2,7.2,19.7,16.7,28.8,9.2,21RAIL85,AI & Robotics Capstone Lab
S003,Rohan Desai,1VT23RAI003,8,RAI,78.1,14.2,23.4,33.9,39.1,13.2,21RAI81,Advanced Robotics Systems
S003,Rohan Desai,1VT23RAI003,8,RAI,89.5,13.3,27.8,35.1,36.3,16.8,21RAI82,Machine Learning for Robotics
S003,Rohan Desai,1VT23RAI003,8,RAI,77.7,12.2,22.9,31.8,27.5,14.3,21RAI83,Computer Vision & Deep Learning
S003,Rohan Desai,1VT23RAI003,8,RAI,87,13.7,31,26.1,31,9.8,21RAI84,Professional Elective IV
S003,Rohan Desai,1VT23RAI003,8,RAI,83.9,15.2,26.7,35.1,36.1,14.8,21RAIL85,AI & Robotics Capstone Lab
S004,Sneha Kulkarni,1VT23RAI004,8,RAI,65.6,0,18.8,13.8,0.7,6.1,21RAI81,Advanced Robotics Systems
S004,Sneha Kulkarni,1VT23RAI004,8,RAI,49.3,8.3,8,7.2,23.8,6,21RAI82,Machine Learning for Robotics
S004,Sneha Kulkarni,1VT23RAI004,8,RAI,52.1,5.1,19.1,8.3,6.2,7.4,21RAI83,Computer Vision & Deep Learning
S004,Sneha Kulkarni,1VT23RAI004,8,RAI,58.5,7,9.7,1.6,12.7,7.5,21RAI84,Professional Elective IV
S004,Sneha Kulkarni,1VT23RAI004,8,RAI,63.9,8.7,23.6,21.8,24.1,1.3,21RAIL85,AI & Robotics Capstone Lab
S005,Kiran Reddy,1VT23RAI005,8,RAI,79.4,14.4,39.8,32,27.2,6.9,21RAI81,Advanced Robotics Systems
S005,Kiran Reddy,1VT23RAI005,8,RAI,85.3,12.9,33.6,35.9,36.2,12.9,21RAI82,Machine Learning for Robotics
S005,Kiran Reddy,1VT23RAI005,8,RAI,81.5,12.7,28.1,35.3,27.3,8.5,21RAI83,Computer Vision & Deep Learning
S005,Kiran Reddy,1VT23RAI005,8,RAI,94.7,13.5,37.9,35.3,32.6,11.3,21RAI84,Professional Elective IV
S005,Kiran Reddy,1VT23RAI005,8,RAI,100,16.6,41.2,41.7,34.6,13.7,21RAIL85,AI & Robotics Capstone Lab
S006,Divya Menon,1VT23RAI006,8,RAI,34,8.5,4.5,13.6,19.2,5.9,21RAI81,Advanced Robotics Systems
S006,Divya Menon,1VT23RAI006,8,RAI,37.8,9.5,11.9,9.7,7.5,5.8,21RAI82,Machine Learning for Robotics
S006,Divya Menon,1VT23RAI006,8,RAI,28.8,10,3.8,9.7,14.4,3.8,21RAI83,Computer Vision & Deep Learning
S006,Divya Menon,1VT23RAI006,8,RAI,37.3,8.3,9.6,12.8,2.5,2.7,21RAI84,Professional Elective IV
S006,Divya Menon,1VT23RAI006,8,RAI,42.4,6.3,15.6,18.8,24.2,3.7,21RAIL85,AI & Robotics Capstone Lab
S007,Arjun Patil,1VT23RAI007,8,RAI,100,15.1,50,41.4,36.6,17.8,21RAI81,Advanced Robotics Systems
S007,Arjun Patil,1VT23RAI007,8,RAI,100,20,49.3,42.2,43.2,19,21RAI82,Machine Learning for Robotics
S007,Arjun Patil,1VT23RAI007,8,RAI,100,20,49.5,45.4,36.1,18.1,21RAI83,Computer Vision & Deep Learning
S007,Arjun Patil,1VT23RAI007,8,RAI,100,15.8,41.7,43.4,47.5,18,21RAI84,Professional Elective IV
S007,Arjun Patil,1VT23RAI007,8,RAI,100,20,36.2,50,50,19.7,21RAIL85,AI & Robotics Capstone Lab
S008,Meera Iyer,1VT23RAI008,8,RAI,71.9,14.1,21.2,25.1,20.2,6,21RAI81,Advanced Robotics Systems
S008,Meera Iyer,1VT23RAI008,8,RAI,75.8,12,26.7,31.1,30.9,10.6,21RAI82,Machine Learning for Robotics
S008,Meera Iyer,1VT23RAI008,8,RAI,76.3,13.5,22.7,26.6,20.7,7.1,21RAI83,Computer Vision & Deep Learning
S008,Meera Iyer,1VT23RAI008,8,RAI,71.7,14.7,23.1,25.9,22.4,9.3,21RAI84,Professional Elective IV
S008,Meera Iyer,1VT23RAI008,8,RAI,82,13.5,26.7,35.9,33.6,13.8,21RAIL85,AI & Robotics Capstone Lab
S009,Vikram Singh,1VT23RAI009,8,RAI,83.4,8,27.4,31.6,23,9.6,21RAI81,Advanced Robotics Systems
S009,Vikram Singh,1VT23RAI009,8,RAI,85.4,19.2,31,30,36,12.7,21RAI82,Machine Learning for Robotics
S009,Vikram Singh,1VT23RAI009,8,RAI,94.1,15.8,37.7,37.4,39.4,11.5,21RAI83,Computer Vision & Deep Learning
S009,Vikram Singh,1VT23RAI009,8,RAI,83.2,18.7,29.8,24.3,36.6,4.9,21RAI84,Professional Elective IV
S009,Vikram Singh,1VT23RAI009,8,RAI,86.8,11.4,25.8,29.9,29.7,8.7,21RAIL85,AI & Robotics Capstone Lab
S010,Ananya Joshi,1VT23RAI010,8,RAI,48.5,6.1,16.8,10.5,8.2,8.4,21RAI81,Advanced Robotics Systems
S010,Ananya Joshi,1VT23RAI010,8,RAI,57.1,4.5,9.6,17.1,19.4,8.1,21RAI82,Machine Learning for Robotics
S010,Ananya Joshi,1VT23RAI010,8,RAI,62.6,10.7,12,25.2,25.1,7.6,21RAI83,Computer Vision & Deep Learning
S010,Ananya Joshi,1VT23RAI010,8,RAI,50.9,6.2,16,18.1,25.1,6,21RAI84,Professional Elective IV
S010,Ananya Joshi,1VT23RAI010,8,RAI,67.9,8.9,19.9,24.1,28.1,6.8,21RAIL85,AI & Robotics Capstone Lab
S011,Rahul Verma,1VT23RAI011,8,RAI,100,20,35.4,38.8,48.4,15.5,21RAI81,Advanced Robotics Systems
S011,Rahul Verma,1VT23RAI011,8,RAI,87.2,18.2,37.4,46.6,36.3,15,21RAI82,Machine Learning for Robotics
S011,Rahul Verma,1VT23RAI011,8,RAI,87.9,15.9,41.7,39.5,40.3,13.3,21RAI83,Computer Vision & Deep Learning
S011,Rahul Verma,1VT23RAI011,8,RAI,86.5,13,37,37.7,43.6,14.3,21RAI84,Professional Elective IV
S011,Rahul Verma,1VT23RAI011,8,RAI,99.7,14.6,38.5,44.4,48.1,16.8,21RAIL85,AI & Robotics Capstone Lab
S012,Pooja Pillai,1VT23RAI012,8,RAI,82,9.4,30.3,31.9,34.4,12.1,21RAI81,Advanced Robotics Systems
S012,Pooja Pillai,1VT23RAI012,8,RAI,70.4,14.3,18.8,23.2,31.4,12.6,21RAI82,Machine Learning for Robotics
S012,Pooja Pillai,1VT23RAI012,8,RAI,83.3,17.4,28.8,24.9,21.9,8,21RAI83,Computer Vision & Deep Learning
S012,Pooja Pillai,1VT23RAI012,8,RAI,70.3,13.7,25.6,22.5,30.3,10.2,21RAI84,Professional Elective IV
S012,Pooja Pillai,1VT23RAI012,8,RAI,84.1,9.9,28.3,34.6,31.4,6.2,21RAIL85,AI & Robotics Capstone Lab
S013,Aditya Bhat,1VT23RAI013,8,RAI,91.8,14.4,37.8,46.1,45.7,17.7,21RAI81,Advanced Robotics Systems
S013,Aditya Bhat,1VT23RAI013,8,RAI,100,15.3,44.4,43,49.3,15.7,21RAI82,Machine Learning for Robotics
S013,Aditya Bhat,1VT23RAI013,8,RAI,96.4,13.3,33.7,44.7,37.4,16.2,21RAI83,Computer Vision & Deep Learning
S013,Aditya Bhat,1VT23RAI013,8,RAI,100,15.9,29.9,37.2,29.6,11,21RAI84,Professional Elective IV
S013,Aditya Bhat,1VT23RAI013,8,RAI,100,19.6,40.2,48.5,36.6,15,21RAIL85,AI & Robotics Capstone Lab
S014,Lakshmi Subramaniam,1VT23RAI014,8,RAI,64.9,9.5,20.4,21.6,28.4,5.5,21RAI81,Advanced Robotics Systems
S014,Lakshmi Subramaniam,1VT23RAI014,8,RAI,69.6,11.7,22,12.6,37.7,5.6,21RAI82,Machine Learning for Robotics
S014,Lakshmi Subramaniam,1VT23RAI014,8,RAI,61.4,5.9,25.8,16,17.9,4.3,21RAI83,Computer Vision & Deep Learning
S014,Lakshmi Subramaniam,1VT23RAI014,8,RAI,76.8,11.5,18.4,30.8,27.3,6.4,21RAI84,Professional Elective IV
S014,Lakshmi Subramaniam,1VT23RAI014,8,RAI,66.6,10.7,19.3,21.4,36.9,14.2,21RAIL85,AI & Robotics Capstone Lab
S015,Suresh Gowda,1VT23RAI015,8,RAI,75.7,15.1,18,27.2,33,10.1,21RAI81,Advanced Robotics Systems
S015,Suresh Gowda,1VT23RAI015,8,RAI,97.3,15.7,30.4,38.7,31,10.8,21RAI82,Machine Learning for Robotics
S015,Suresh Gowda,1VT23RAI015,8,RAI,92.7,12.3,31.2,38.7,33.9,12.3,21RAI83,Computer Vision & Deep Learning
S015,Suresh Gowda,1VT23RAI015,8,RAI,100,15.4,20.8,41.2,23.6,8.7,21RAI84,Professional Elective IV
S015,Suresh Gowda,1VT23RAI015,8,RAI,92.4,12.7,31.8,24.3,40,10.7,21RAIL85,AI & Robotics Capstone Lab
S016,Nandini Rao,1VT23RAI016,8,RAI,94.1,15.9,42.8,41.2,45.5,13.3,21RAI81,Advanced Robotics Systems
S016,Nandini Rao,1VT23RAI016,8,RAI,96.1,18.3,34.6,47.7,36.6,13.4,21RAI82,Machine Learning for Robotics
S016,Nandini Rao,1VT23RAI016,8,RAI,85,11.7,44.2,41.2,31.3,12.9,21RAI83,Computer Vision & Deep Learning
S016,Nandini Rao,1VT23RAI016,8,RAI,88.1,19.6,32.8,42.3,33.6,14.3,21RAI84,Professional Elective IV
S016,Nandini Rao,1VT23RAI016,8,RAI,97.5,16,42,46.6,40.7,14.1,21RAIL85,AI & Robotics Capstone Lab
S017,Deepak Hegde,1VT23RAI017,8,RAI,58.9,10.5,16.7,19.5,30.5,8.4,21RAI81,Advanced Robotics Systems
S017,Deepak Hegde,1VT23RAI017,8,RAI,56.9,3,18.4,27.8,16.9,0,21RAI82,Machine Learning for Robotics
S017,Deepak Hegde,1VT23RAI017,8,RAI,65,11.2,23.3,30.7,38.8,9.7,21RAI83,Computer Vision & Deep Learning
S017,Deepak Hegde,1VT23RAI017,8,RAI,57.4,7.9,18,18.9,21.2,10.5,21RAI84,Professional Elective IV
S017,Deepak Hegde,1VT23RAI017,8,RAI,48.6,12.6,21.5,20.3,24.9,5.6,21RAIL85,AI & Robotics Capstone Lab
S018,Kavitha Krishnan,1VT23RAI018,8,RAI,80.3,13.1,21.5,31.5,27.2,12.7,21RAI81,Advanced Robotics Systems
S018,Kavitha Krishnan,1VT23RAI018,8,RAI,98.3,11.4,42.5,36.9,38.2,15.3,21RAI82,Machine Learning for Robotics
S018,Kavitha Krishnan,1VT23RAI018,8,RAI,89.8,16.6,34.2,40.3,30.8,13.8,21RAI83,Computer Vision & Deep Learning
S018,Kavitha Krishnan,1VT23RAI018,8,RAI,100,18.9,46.8,44.1,44.1,19.5,21RAI84,Professional Elective IV
S018,Kavitha Krishnan,1VT23RAI018,8,RAI,75.4,13.8,29,25.9,28.5,9.2,21RAIL85,AI & Robotics Capstone Lab
S019,Sanjay Naik,1VT23RAI019,8,RAI,83.9,12.9,17.4,27.4,21.3,9.7,21RAI81,Advanced Robotics Systems
S019,Sanjay Naik,1VT23RAI019,8,RAI,74,10.7,16.9,23,21.8,11.2,21RAI82,Machine Learning for Robotics
S019,Sanjay Naik,1VT23RAI019,8,RAI,66.9,10.7,13.5,14.8,19.4,3.4,21RAI83,Computer Vision & Deep Learning
S019,Sanjay Naik,1VT23RAI019,8,RAI,60.7,8.9,6.7,16.1,25.6,5.4,21RAI84,Professional Elective IV
S019,Sanjay Naik,1VT23RAI019,8,RAI,74.5,13.4,15.8,27.5,13.6,5.1,21RAIL85,AI & Robotics Capstone Lab
S020,Riya Fernandes,1VT23RAI020,8,RAI,87.3,16.8,31.1,38,31.3,10.3,21RAI81,Advanced Robotics Systems
S020,Riya Fernandes,1VT23RAI020,8,RAI,85.2,9.8,31.1,33.1,26.7,9.9,21RAI82,Machine Learning for Robotics
S020,Riya Fernandes,1VT23RAI020,8,RAI,84.9,10.9,38.6,30.5,37.2,12.3,21RAI83,Computer Vision & Deep Learning
S020,Riya Fernandes,1VT23RAI020,8,RAI,88.1,17,28.1,39.4,35.3,12.1,21RAI84,Professional Elective IV
S020,Riya Fernandes,1VT23RAI020,8,RAI,84.3,15.2,23.7,23,33.1,12.7,21RAIL85,AI & Robotics Capstone Lab
